Epoch,Loss,Accuracy,Time_Elapsed,Learning_Rate
0,0.059072,0.6117,0.04,0.010000
1,0.048127,0.6117,0.07,0.010000
2,0.033236,0.6973,0.10,0.010000
3,0.023351,0.7940,0.14,0.010000
4,0.019058,0.8293,0.17,0.010000
5,0.017218,0.8530,0.21,0.010000
6,0.016311,0.8613,0.24,0.010000
7,0.015796,0.8693,0.28,0.010000
8,0.015468,0.8733,0.32,0.010000
9,0.015241,0.8763,0.36,0.010000
10,0.015071,0.8773,0.39,0.010000
11,0.014937,0.8760,0.42,0.010000
12,0.014828,0.8783,0.46,0.010000
13,0.014734,0.8813,0.49,0.010000
14,0.014654,0.8833,0.53,0.010000
15,0.014582,0.8833,0.56,0.010000
16,0.014518,0.8840,0.60,0.010000
17,0.014459,0.8847,0.63,0.010000
18,0.014406,0.8863,0.67,0.010000
19,0.014357,0.8863,0.70,0.010000
20,0.014312,0.8873,0.74,0.010000
21,0.014271,0.8860,0.77,0.010000
22,0.014232,0.8850,0.81,0.010000
23,0.014196,0.8863,0.84,0.010000
24,0.014163,0.8860,0.88,0.010000
25,0.014132,0.8857,0.91,0.010000
26,0.014103,0.8857,0.94,0.010000
27,0.014076,0.8847,0.98,0.010000
28,0.014051,0.8853,1.01,0.010000
29,0.014028,0.8847,1.05,0.010000
30,0.014006,0.8847,1.08,0.010000
31,0.013986,0.8847,1.12,0.010000
32,0.013966,0.8840,1.15,0.010000
33,0.013948,0.8850,1.19,0.010000
34,0.013932,0.8847,1.23,0.010000
35,0.013916,0.8840,1.26,0.010000
36,0.013901,0.8843,1.30,0.010000
37,0.013887,0.8840,1.34,0.010000
38,0.013874,0.8843,1.38,0.010000
39,0.013862,0.8843,1.41,0.010000
40,0.013850,0.8840,1.45,0.010000
41,0.013839,0.8840,1.48,0.010000
42,0.013829,0.8840,1.51,0.010000
43,0.013819,0.8837,1.55,0.010000
44,0.013810,0.8843,1.58,0.010000
45,0.013802,0.8843,1.62,0.010000
46,0.013794,0.8843,1.65,0.010000
47,0.013786,0.8843,1.69,0.010000
48,0.013779,0.8847,1.72,0.010000
49,0.013772,0.8847,1.75,0.010000
50,0.013765,0.8843,1.79,0.010000
51,0.013759,0.8847,1.82,0.010000
52,0.013753,0.8843,1.86,0.010000
53,0.013748,0.8843,1.89,0.010000
54,0.013742,0.8843,1.93,0.010000
55,0.013737,0.8843,1.96,0.010000
56,0.013733,0.8847,1.99,0.010000
57,0.013728,0.8843,2.03,0.010000
58,0.013724,0.8843,2.06,0.010000
59,0.013720,0.8843,2.10,0.010000
60,0.013716,0.8840,2.13,0.010000
61,0.013712,0.8850,2.17,0.010000
62,0.013708,0.8853,2.20,0.010000
63,0.013705,0.8853,2.23,0.010000
64,0.013702,0.8853,2.27,0.010000
65,0.013698,0.8857,2.30,0.010000
66,0.013695,0.8853,2.33,0.010000
67,0.013693,0.8853,2.37,0.010000
68,0.013690,0.8853,2.40,0.010000
69,0.013687,0.8853,2.44,0.010000
70,0.013685,0.8857,2.47,0.010000
71,0.013682,0.8860,2.50,0.010000
72,0.013680,0.8867,2.54,0.010000
73,0.013678,0.8870,2.57,0.010000
74,0.013676,0.8873,2.61,0.010000
75,0.013674,0.8877,2.64,0.010000
76,0.013672,0.8877,2.67,0.010000
77,0.013670,0.8873,2.71,0.010000
78,0.013668,0.8873,2.74,0.010000
79,0.013667,0.8873,2.77,0.010000
80,0.013665,0.8870,2.81,0.010000
81,0.013664,0.8870,2.84,0.010000
82,0.013663,0.8870,2.88,0.010000
83,0.013661,0.8867,2.91,0.010000
84,0.013660,0.8867,2.94,0.010000
85,0.013659,0.8863,2.98,0.010000
86,0.013658,0.8867,3.01,0.010000
87,0.013657,0.8867,3.04,0.010000
88,0.013656,0.8867,3.08,0.010000
89,0.013656,0.8863,3.11,0.010000
90,0.013655,0.8863,3.15,0.010000
91,0.013654,0.8860,3.18,0.010000
92,0.013654,0.8863,3.21,0.010000
93,0.013654,0.8863,3.25,0.010000
94,0.013653,0.8863,3.28,0.010000
95,0.013653,0.8860,3.31,0.010000
96,0.013653,0.8857,3.35,0.010000
97,0.013653,0.8853,3.38,0.010000
98,0.013653,0.8853,3.41,0.010000
99,0.013653,0.8850,3.45,0.010000
100,0.013653,0.8850,3.48,0.010000
101,0.013653,0.8850,3.52,0.010000
102,0.013653,0.8850,3.55,0.010000
103,0.013653,0.8850,3.58,0.010000
104,0.013654,0.8853,3.62,0.010000
105,0.013654,0.8860,3.65,0.010000
106,0.013654,0.8860,3.69,0.010000
107,0.013655,0.8863,3.72,0.010000
108,0.013655,0.8863,3.75,0.010000
109,0.013656,0.8860,3.79,0.010000
110,0.013656,0.8860,3.82,0.010000
111,0.013657,0.8857,3.85,0.010000
112,0.013657,0.8850,3.89,0.010000
113,0.013658,0.8850,3.92,0.010000
114,0.013658,0.8847,3.96,0.010000
115,0.013659,0.8850,3.99,0.010000
116,0.013659,0.8850,4.02,0.010000
117,0.013660,0.8850,4.06,0.010000
118,0.013660,0.8850,4.09,0.010000
119,0.013660,0.8850,4.12,0.010000
120,0.013661,0.8847,4.16,0.010000
121,0.013661,0.8850,4.19,0.010000
122,0.013661,0.8843,4.23,0.010000
123,0.013662,0.8847,4.26,0.010000
124,0.013662,0.8850,4.29,0.010000
125,0.013662,0.8850,4.33,0.010000
126,0.013662,0.8850,4.36,0.010000
127,0.013662,0.8840,4.39,0.010000
128,0.013662,0.8840,4.43,0.010000
129,0.013661,0.8843,4.46,0.010000
130,0.013661,0.8840,4.49,0.010000
131,0.013661,0.8840,4.53,0.010000
132,0.013660,0.8840,4.56,0.010000
133,0.013659,0.8840,4.60,0.010000
134,0.013659,0.8840,4.63,0.010000
135,0.013658,0.8837,4.66,0.010000
136,0.013657,0.8840,4.70,0.010000
137,0.013655,0.8840,4.73,0.010000
138,0.013654,0.8833,4.76,0.010000
139,0.013652,0.8833,4.80,0.010000
140,0.013651,0.8837,4.83,0.010000
141,0.013649,0.8833,4.86,0.010000
142,0.013647,0.8837,4.90,0.010000
143,0.013645,0.8837,4.93,0.010000
144,0.013642,0.8837,4.96,0.010000
145,0.013640,0.8840,5.00,0.010000
146,0.013637,0.8843,5.03,0.010000
147,0.013634,0.8840,5.06,0.010000
148,0.013631,0.8837,5.10,0.010000
149,0.013628,0.8837,5.13,0.010000
150,0.013625,0.8833,5.16,0.010000
151,0.013621,0.8833,5.20,0.010000
152,0.013617,0.8833,5.23,0.010000
153,0.013613,0.8833,5.26,0.010000
154,0.013609,0.8827,5.30,0.010000
155,0.013605,0.8823,5.33,0.010000
156,0.013600,0.8823,5.37,0.010000
157,0.013595,0.8823,5.40,0.010000
158,0.013590,0.8823,5.43,0.010000
159,0.013585,0.8820,5.46,0.010000
160,0.013580,0.8820,5.50,0.010000
161,0.013574,0.8823,5.53,0.010000
162,0.013569,0.8830,5.57,0.010000
163,0.013563,0.8827,5.60,0.010000
164,0.013556,0.8827,5.63,0.010000
165,0.013550,0.8823,5.67,0.010000
166,0.013543,0.8827,5.70,0.010000
167,0.013537,0.8827,5.74,0.010000
168,0.013530,0.8827,5.77,0.010000
169,0.013522,0.8827,5.80,0.010000
170,0.013515,0.8827,5.84,0.010000
171,0.013507,0.8830,5.87,0.010000
172,0.013499,0.8827,5.91,0.010000
173,0.013491,0.8830,5.94,0.010000
174,0.013483,0.8833,5.97,0.010000
175,0.013474,0.8833,6.00,0.010000
176,0.013465,0.8830,6.04,0.010000
177,0.013456,0.8830,6.07,0.010000
178,0.013447,0.8830,6.10,0.010000
179,0.013437,0.8833,6.14,0.010000
180,0.013428,0.8837,6.17,0.010000
181,0.013418,0.8837,6.20,0.010000
182,0.013407,0.8837,6.24,0.010000
183,0.013397,0.8840,6.27,0.010000
184,0.013386,0.8840,6.31,0.010000
185,0.013375,0.8837,6.34,0.010000
186,0.013363,0.8837,6.37,0.010000
187,0.013352,0.8837,6.41,0.010000
188,0.013340,0.8837,6.44,0.010000
189,0.013327,0.8840,6.47,0.010000
190,0.013315,0.8837,6.51,0.010000
191,0.013302,0.8833,6.54,0.010000
192,0.013289,0.8833,6.57,0.010000
193,0.013275,0.8837,6.61,0.010000
194,0.013261,0.8837,6.64,0.010000
195,0.013247,0.8833,6.67,0.010000
196,0.013233,0.8827,6.71,0.010000
197,0.013218,0.8833,6.74,0.010000
198,0.013203,0.8833,6.78,0.010000
199,0.013187,0.8837,6.81,0.010000
200,0.013172,0.8840,6.84,0.010000
201,0.013008,0.8897,6.88,0.008000
202,0.012995,0.8897,6.91,0.008000
203,0.012982,0.8893,6.95,0.008000
204,0.012970,0.8893,6.98,0.008000
205,0.012957,0.8897,7.01,0.008000
206,0.012943,0.8900,7.05,0.008000
207,0.012930,0.8897,7.08,0.008000
208,0.012917,0.8897,7.12,0.008000
209,0.012903,0.8893,7.15,0.008000
210,0.012889,0.8893,7.19,0.008000
211,0.012875,0.8893,7.23,0.008000
212,0.012861,0.8897,7.26,0.008000
213,0.012847,0.8900,7.30,0.008000
214,0.012833,0.8897,7.33,0.008000
215,0.012819,0.8900,7.37,0.008000
216,0.012805,0.8900,7.40,0.008000
217,0.012790,0.8903,7.43,0.008000
218,0.012776,0.8903,7.47,0.008000
219,0.012762,0.8903,7.50,0.008000
220,0.012747,0.8903,7.54,0.008000
221,0.012733,0.8907,7.57,0.008000
222,0.012718,0.8907,7.61,0.008000
223,0.012704,0.8910,7.64,0.008000
224,0.012690,0.8913,7.67,0.008000
225,0.012675,0.8910,7.71,0.008000
226,0.012661,0.8913,7.74,0.008000
227,0.012647,0.8913,7.77,0.008000
228,0.012632,0.8913,7.81,0.008000
229,0.012618,0.8913,7.84,0.008000
230,0.012604,0.8913,7.87,0.008000
231,0.012590,0.8913,7.91,0.008000
232,0.012576,0.8910,7.94,0.008000
233,0.012563,0.8910,7.98,0.008000
234,0.012549,0.8913,8.01,0.008000
235,0.012535,0.8917,8.05,0.008000
236,0.012522,0.8917,8.08,0.008000
237,0.012508,0.8917,8.11,0.008000
238,0.012495,0.8917,8.15,0.008000
239,0.012482,0.8917,8.18,0.008000
240,0.012469,0.8920,8.21,0.008000
241,0.012456,0.8920,8.25,0.008000
242,0.012443,0.8917,8.28,0.008000
243,0.012431,0.8913,8.32,0.008000
244,0.012418,0.8913,8.35,0.008000
245,0.012406,0.8910,8.38,0.008000
246,0.012394,0.8910,8.42,0.008000
247,0.012382,0.8910,8.45,0.008000
248,0.012370,0.8903,8.49,0.008000
249,0.012358,0.8897,8.52,0.008000
250,0.012347,0.8897,8.55,0.008000
251,0.012336,0.8893,8.59,0.008000
252,0.012324,0.8893,8.62,0.008000
253,0.012313,0.8887,8.66,0.008000
254,0.012302,0.8887,8.69,0.008000
255,0.012292,0.8887,8.72,0.008000
256,0.012281,0.8883,8.76,0.008000
257,0.012271,0.8883,8.79,0.008000
258,0.012260,0.8887,8.83,0.008000
259,0.012250,0.8883,8.86,0.008000
260,0.012240,0.8883,8.90,0.008000
261,0.012231,0.8887,8.93,0.008000
262,0.012221,0.8887,8.96,0.008000
263,0.012212,0.8887,9.00,0.008000
264,0.012203,0.8883,9.03,0.008000
265,0.012193,0.8883,9.06,0.008000
266,0.012185,0.8890,9.10,0.008000
267,0.012176,0.8890,9.13,0.008000
268,0.012167,0.8887,9.17,0.008000
269,0.012159,0.8887,9.20,0.008000
270,0.012151,0.8887,9.23,0.008000
271,0.012143,0.8883,9.27,0.008000
272,0.012135,0.8883,9.30,0.008000
273,0.012127,0.8873,9.34,0.008000
274,0.012119,0.8877,9.37,0.008000
275,0.012112,0.8873,9.40,0.008000
276,0.012104,0.8880,9.44,0.008000
277,0.012097,0.8877,9.47,0.008000
278,0.012090,0.8873,9.50,0.008000
279,0.012083,0.8867,9.54,0.008000
280,0.012077,0.8867,9.57,0.008000
281,0.012070,0.8867,9.61,0.008000
282,0.012064,0.8867,9.64,0.008000
283,0.012057,0.8867,9.68,0.008000
284,0.012051,0.8860,9.71,0.008000
285,0.012045,0.8860,9.74,0.008000
286,0.012039,0.8857,9.78,0.008000
287,0.012034,0.8857,9.81,0.008000
288,0.012028,0.8863,9.85,0.008000
289,0.012023,0.8863,9.88,0.008000
290,0.012017,0.8863,9.91,0.008000
291,0.012012,0.8863,9.95,0.008000
292,0.012007,0.8863,9.98,0.008000
293,0.012002,0.8863,10.01,0.008000
294,0.011997,0.8863,10.05,0.008000
295,0.011993,0.8857,10.08,0.008000
296,0.011988,0.8857,10.12,0.008000
297,0.011984,0.8857,10.15,0.008000
298,0.011979,0.8853,10.18,0.008000
299,0.011975,0.8853,10.22,0.008000
300,0.011971,0.8850,10.25,0.008000
301,0.011967,0.8853,10.29,0.008000
302,0.011963,0.8853,10.32,0.008000
303,0.011959,0.8853,10.35,0.008000
304,0.011956,0.8853,10.39,0.008000
305,0.011952,0.8853,10.42,0.008000
306,0.011949,0.8853,10.46,0.008000
307,0.011945,0.8853,10.49,0.008000
308,0.011942,0.8857,10.52,0.008000
309,0.011939,0.8857,10.55,0.008000
310,0.011936,0.8853,10.59,0.008000
311,0.011933,0.8853,10.62,0.008000
312,0.011930,0.8850,10.66,0.008000
313,0.011927,0.8847,10.69,0.008000
314,0.011924,0.8843,10.72,0.008000
315,0.011922,0.8840,10.76,0.008000
316,0.011919,0.8833,10.79,0.008000
317,0.011917,0.8827,10.82,0.008000
318,0.011914,0.8830,10.86,0.008000
319,0.011912,0.8827,10.89,0.008000
320,0.011910,0.8823,10.92,0.008000
321,0.011907,0.8817,10.96,0.008000
322,0.011905,0.8820,10.99,0.008000
323,0.011903,0.8817,11.02,0.008000
324,0.011901,0.8817,11.06,0.008000
325,0.011899,0.8817,11.09,0.008000
326,0.011898,0.8813,11.12,0.008000
327,0.011896,0.8807,11.16,0.008000
328,0.011894,0.8803,11.19,0.008000
329,0.011892,0.8803,11.22,0.008000
330,0.011891,0.8803,11.26,0.008000
331,0.011889,0.8803,11.29,0.008000
332,0.011888,0.8797,11.32,0.008000
333,0.011886,0.8793,11.36,0.008000
334,0.011885,0.8790,11.39,0.008000
335,0.011884,0.8787,11.43,0.008000
336,0.011882,0.8780,11.46,0.008000
337,0.011881,0.8783,11.49,0.008000
338,0.011880,0.8780,11.53,0.008000
339,0.011879,0.8780,11.56,0.008000
340,0.011878,0.8777,11.59,0.008000
341,0.011877,0.8777,11.63,0.008000
342,0.011876,0.8773,11.66,0.008000
343,0.011875,0.8770,11.69,0.008000
344,0.011874,0.8767,11.73,0.008000
345,0.011873,0.8763,11.76,0.008000
346,0.011872,0.8763,11.79,0.008000
347,0.011872,0.8763,11.83,0.008000
348,0.011871,0.8757,11.86,0.008000
349,0.011870,0.8750,11.90,0.008000
350,0.011869,0.8750,11.93,0.008000
351,0.011869,0.8740,11.97,0.008000
352,0.011868,0.8743,12.00,0.008000
353,0.011867,0.8740,12.03,0.008000
354,0.011867,0.8737,12.07,0.008000
355,0.011866,0.8733,12.10,0.008000
356,0.011866,0.8733,12.13,0.008000
357,0.011865,0.8733,12.17,0.008000
358,0.011865,0.8730,12.20,0.008000
359,0.011864,0.8727,12.23,0.008000
360,0.011864,0.8727,12.27,0.008000
361,0.011863,0.8727,12.30,0.008000
362,0.011863,0.8720,12.34,0.008000
363,0.011863,0.8720,12.37,0.008000
364,0.011862,0.8720,12.40,0.008000
365,0.011862,0.8720,12.44,0.008000
366,0.011862,0.8717,12.47,0.008000
367,0.011861,0.8713,12.51,0.008000
368,0.011861,0.8713,12.54,0.008000
369,0.011861,0.8713,12.57,0.008000
370,0.011860,0.8710,12.61,0.008000
371,0.011860,0.8703,12.64,0.008000
372,0.011860,0.8700,12.68,0.008000
373,0.011860,0.8700,12.71,0.008000
374,0.011859,0.8700,12.74,0.008000
375,0.011859,0.8697,12.78,0.008000
376,0.011859,0.8697,12.81,0.008000
377,0.011859,0.8703,12.84,0.008000
378,0.011858,0.8703,12.88,0.008000
379,0.011858,0.8707,12.91,0.008000
380,0.011858,0.8707,12.94,0.008000
381,0.011858,0.8707,12.98,0.008000
382,0.011857,0.8710,13.01,0.008000
383,0.011857,0.8710,13.04,0.008000
384,0.011857,0.8710,13.08,0.008000
385,0.011857,0.8710,13.11,0.008000
386,0.011857,0.8707,13.15,0.008000
387,0.011856,0.8707,13.18,0.008000
388,0.011856,0.8710,13.21,0.008000
389,0.011856,0.8710,13.25,0.008000
390,0.011856,0.8710,13.28,0.008000
391,0.011856,0.8710,13.32,0.008000
392,0.011855,0.8710,13.35,0.008000
393,0.011855,0.8710,13.39,0.008000
394,0.011855,0.8710,13.42,0.008000
395,0.011855,0.8710,13.46,0.008000
396,0.011854,0.8707,13.49,0.008000
397,0.011854,0.8707,13.52,0.008000
398,0.011854,0.8703,13.56,0.008000
399,0.011854,0.8703,13.59,0.008000
400,0.011853,0.8703,13.63,0.008000
401,0.011532,0.8793,13.68,0.006400
402,0.011531,0.8793,13.71,0.006400
403,0.011529,0.8793,13.74,0.006400
404,0.011528,0.8790,13.78,0.006400
405,0.011527,0.8790,13.81,0.006400
406,0.011526,0.8787,13.85,0.006400
407,0.011526,0.8787,13.88,0.006400
408,0.011525,0.8787,13.91,0.006400
409,0.011524,0.8787,13.95,0.006400
410,0.011524,0.8790,13.98,0.006400
411,0.011523,0.8790,14.01,0.006400
412,0.011522,0.8790,14.05,0.006400
413,0.011522,0.8790,14.08,0.006400
414,0.011521,0.8790,14.12,0.006400
415,0.011521,0.8790,14.15,0.006400
416,0.011520,0.8790,14.19,0.006400
417,0.011519,0.8790,14.22,0.006400
418,0.011519,0.8790,14.26,0.006400
419,0.011518,0.8790,14.29,0.006400
420,0.011518,0.8790,14.32,0.006400
421,0.011517,0.8787,14.36,0.006400
422,0.011517,0.8787,14.39,0.006400
423,0.011516,0.8787,14.42,0.006400
424,0.011515,0.8787,14.46,0.006400
425,0.011515,0.8787,14.49,0.006400
426,0.011514,0.8787,14.53,0.006400
427,0.011514,0.8787,14.56,0.006400
428,0.011513,0.8787,14.59,0.006400
429,0.011513,0.8787,14.63,0.006400
430,0.011512,0.8787,14.66,0.006400
431,0.011511,0.8783,14.69,0.006400
432,0.011511,0.8783,14.73,0.006400
433,0.011510,0.8787,14.76,0.006400
434,0.011510,0.8787,14.79,0.006400
435,0.011509,0.8783,14.83,0.006400
436,0.011508,0.8783,14.86,0.006400
437,0.011508,0.8783,14.90,0.006400
438,0.011507,0.8783,14.93,0.006400
439,0.011507,0.8783,14.96,0.006400
440,0.011506,0.8783,15.00,0.006400
441,0.011505,0.8783,15.03,0.006400
442,0.011505,0.8787,15.06,0.006400
443,0.011504,0.8787,15.10,0.006400
444,0.011503,0.8787,15.13,0.006400
445,0.011503,0.8783,15.16,0.006400
446,0.011502,0.8783,15.20,0.006400
447,0.011501,0.8773,15.23,0.006400
448,0.011501,0.8773,15.27,0.006400
449,0.011500,0.8773,15.30,0.006400
450,0.011499,0.8773,15.33,0.006400
451,0.011499,0.8773,15.37,0.006400
452,0.011498,0.8773,15.40,0.006400
453,0.011497,0.8770,15.43,0.006400
454,0.011497,0.8763,15.47,0.006400
455,0.011496,0.8760,15.50,0.006400
456,0.011495,0.8757,15.53,0.006400
457,0.011494,0.8757,15.57,0.006400
458,0.011494,0.8757,15.60,0.006400
459,0.011493,0.8757,15.64,0.006400
460,0.011492,0.8753,15.67,0.006400
461,0.011491,0.8753,15.70,0.006400
462,0.011491,0.8753,15.74,0.006400
463,0.011490,0.8753,15.77,0.006400
464,0.011489,0.8750,15.80,0.006400
465,0.011488,0.8750,15.84,0.006400
466,0.011487,0.8747,15.87,0.006400
467,0.011487,0.8747,15.90,0.006400
468,0.011486,0.8743,15.94,0.006400
469,0.011485,0.8743,15.97,0.006400
470,0.011484,0.8743,16.01,0.006400
471,0.011483,0.8743,16.04,0.006400
472,0.011482,0.8743,16.07,0.006400
473,0.011481,0.8743,16.11,0.006400
474,0.011480,0.8743,16.14,0.006400
475,0.011480,0.8743,16.18,0.006400
476,0.011479,0.8740,16.21,0.006400
477,0.011478,0.8740,16.24,0.006400
478,0.011477,0.8740,16.28,0.006400
479,0.011476,0.8740,16.31,0.006400
480,0.011475,0.8740,16.34,0.006400
481,0.011474,0.8737,16.38,0.006400
482,0.011473,0.8733,16.41,0.006400
483,0.011472,0.8723,16.44,0.006400
484,0.011471,0.8720,16.48,0.006400
485,0.011470,0.8723,16.51,0.006400
486,0.011469,0.8723,16.54,0.006400
487,0.011468,0.8727,16.58,0.006400
488,0.011467,0.8720,16.61,0.006400
489,0.011466,0.8720,16.64,0.006400
490,0.011465,0.8720,16.68,0.006400
491,0.011463,0.8720,16.71,0.006400
492,0.011462,0.8717,16.75,0.006400
493,0.011461,0.8713,16.78,0.006400
494,0.011460,0.8713,16.81,0.006400
495,0.011459,0.8713,16.85,0.006400
496,0.011458,0.8713,16.88,0.006400
497,0.011457,0.8713,16.91,0.006400
498,0.011455,0.8710,16.95,0.006400
499,0.011454,0.8707,16.98,0.006400
500,0.011453,0.8707,17.01,0.006400
501,0.011452,0.8707,17.05,0.006400
502,0.011450,0.8707,17.08,0.006400
503,0.011449,0.8707,17.12,0.006400
504,0.011448,0.8707,17.15,0.006400
505,0.011447,0.8707,17.19,0.006400
506,0.011445,0.8707,17.22,0.006400
507,0.011444,0.8707,17.26,0.006400
508,0.011443,0.8707,17.29,0.006400
509,0.011441,0.8703,17.32,0.006400
510,0.011440,0.8700,17.36,0.006400
511,0.011438,0.8693,17.39,0.006400
512,0.011437,0.8693,17.43,0.006400
513,0.011435,0.8693,17.46,0.006400
514,0.011434,0.8693,17.49,0.006400
515,0.011433,0.8693,17.53,0.006400
516,0.011431,0.8693,17.56,0.006400
517,0.011430,0.8690,17.59,0.006400
518,0.011428,0.8680,17.63,0.006400
519,0.011426,0.8680,17.66,0.006400
520,0.011425,0.8680,17.70,0.006400
521,0.011423,0.8683,17.73,0.006400
522,0.011422,0.8680,17.76,0.006400
523,0.011420,0.8680,17.80,0.006400
524,0.011418,0.8680,17.83,0.006400
525,0.011417,0.8677,17.86,0.006400
526,0.011415,0.8680,17.90,0.006400
527,0.011413,0.8680,17.93,0.006400
528,0.011412,0.8680,17.97,0.006400
529,0.011410,0.8677,18.00,0.006400
530,0.011408,0.8677,18.03,0.006400
531,0.011406,0.8677,18.07,0.006400
532,0.011405,0.8677,18.10,0.006400
533,0.011403,0.8677,18.13,0.006400
534,0.011401,0.8677,18.17,0.006400
535,0.011399,0.8677,18.20,0.006400
536,0.011397,0.8670,18.23,0.006400
537,0.011395,0.8667,18.27,0.006400
538,0.011393,0.8670,18.30,0.006400
539,0.011391,0.8670,18.33,0.006400
540,0.011389,0.8670,18.37,0.006400
541,0.011387,0.8673,18.40,0.006400
542,0.011385,0.8673,18.43,0.006400
543,0.011383,0.8673,18.47,0.006400
544,0.011381,0.8673,18.50,0.006400
545,0.011379,0.8677,18.53,0.006400
546,0.011377,0.8677,18.57,0.006400
547,0.011374,0.8673,18.60,0.006400
548,0.011372,0.8670,18.63,0.006400
549,0.011370,0.8673,18.67,0.006400
550,0.011368,0.8673,18.70,0.006400
551,0.011365,0.8673,18.73,0.006400
552,0.011363,0.8670,18.77,0.006400
553,0.011361,0.8670,18.80,0.006400
554,0.011358,0.8670,18.84,0.006400
555,0.011356,0.8670,18.87,0.006400
556,0.011354,0.8677,18.90,0.006400
557,0.011351,0.8677,18.94,0.006400
558,0.011349,0.8677,18.97,0.006400
559,0.011346,0.8673,19.00,0.006400
560,0.011344,0.8673,19.04,0.006400
561,0.011341,0.8673,19.07,0.006400
562,0.011338,0.8677,19.11,0.006400
563,0.011336,0.8677,19.14,0.006400
564,0.011333,0.8677,19.17,0.006400
565,0.011330,0.8677,19.21,0.006400
566,0.011328,0.8677,19.24,0.006400
567,0.011325,0.8670,19.27,0.006400
568,0.011322,0.8673,19.31,0.006400
569,0.011319,0.8673,19.34,0.006400
570,0.011316,0.8673,19.38,0.006400
571,0.011313,0.8673,19.41,0.006400
572,0.011310,0.8670,19.45,0.006400
573,0.011307,0.8670,19.49,0.006400
574,0.011304,0.8670,19.53,0.006400
575,0.011301,0.8670,19.56,0.006400
576,0.011298,0.8670,19.59,0.006400
577,0.011295,0.8670,19.63,0.006400
578,0.011292,0.8670,19.66,0.006400
579,0.011289,0.8670,19.70,0.006400
580,0.011286,0.8677,19.73,0.006400
581,0.011282,0.8677,19.76,0.006400
582,0.011279,0.8677,19.80,0.006400
583,0.011276,0.8680,19.83,0.006400
584,0.011273,0.8680,19.86,0.006400
585,0.011269,0.8683,19.90,0.006400
586,0.011266,0.8683,19.93,0.006400
587,0.011262,0.8687,19.97,0.006400
588,0.011259,0.8687,20.00,0.006400
589,0.011255,0.8683,20.04,0.006400
590,0.011252,0.8683,20.07,0.006400
591,0.011248,0.8683,20.10,0.006400
592,0.011245,0.8680,20.14,0.006400
593,0.011241,0.8680,20.17,0.006400
594,0.011237,0.8680,20.20,0.006400
595,0.011234,0.8683,20.24,0.006400
596,0.011230,0.8683,20.27,0.006400
597,0.011226,0.8683,20.31,0.006400
598,0.011222,0.8683,20.34,0.006400
599,0.011219,0.8687,20.38,0.006400
600,0.011215,0.8687,20.41,0.006400
601,0.010935,0.8770,20.44,0.005120
602,0.010931,0.8777,20.48,0.005120
603,0.010928,0.8773,20.51,0.005120
604,0.010924,0.8773,20.55,0.005120
605,0.010921,0.8773,20.58,0.005120
606,0.010918,0.8773,20.61,0.005120
607,0.010915,0.8773,20.65,0.005120
608,0.010913,0.8777,20.68,0.005120
609,0.010910,0.8777,20.72,0.005120
610,0.010907,0.8783,20.75,0.005120
611,0.010904,0.8783,20.78,0.005120
612,0.010901,0.8780,20.82,0.005120
613,0.010899,0.8780,20.85,0.005120
614,0.010896,0.8777,20.89,0.005120
615,0.010893,0.8777,20.92,0.005120
616,0.010890,0.8777,20.95,0.005120
617,0.010888,0.8777,20.99,0.005120
618,0.010885,0.8780,21.02,0.005120
619,0.010882,0.8787,21.06,0.005120
620,0.010879,0.8787,21.09,0.005120
621,0.010877,0.8787,21.12,0.005120
622,0.010874,0.8787,21.16,0.005120
623,0.010871,0.8787,21.19,0.005120
624,0.010868,0.8787,21.23,0.005120
625,0.010865,0.8790,21.26,0.005120
626,0.010863,0.8790,21.30,0.005120
627,0.010860,0.8793,21.33,0.005120
628,0.010857,0.8793,21.36,0.005120
629,0.010854,0.8793,21.39,0.005120
630,0.010851,0.8793,21.43,0.005120
631,0.010849,0.8793,21.46,0.005120
632,0.010846,0.8793,21.50,0.005120
633,0.010843,0.8793,21.53,0.005120
634,0.010840,0.8793,21.56,0.005120
635,0.010837,0.8793,21.60,0.005120
636,0.010835,0.8793,21.63,0.005120
637,0.010832,0.8793,21.67,0.005120
638,0.010829,0.8790,21.70,0.005120
639,0.010826,0.8790,21.73,0.005120
640,0.010823,0.8790,21.77,0.005120
641,0.010820,0.8790,21.80,0.005120
642,0.010817,0.8783,21.84,0.005120
643,0.010815,0.8783,21.87,0.005120
644,0.010812,0.8783,21.91,0.005120
645,0.010809,0.8787,21.94,0.005120
646,0.010806,0.8783,21.97,0.005120
647,0.010803,0.8787,22.01,0.005120
648,0.010800,0.8787,22.04,0.005120
649,0.010797,0.8790,22.07,0.005120
650,0.010795,0.8790,22.11,0.005120
651,0.010792,0.8790,22.14,0.005120
652,0.010789,0.8790,22.18,0.005120
653,0.010786,0.8790,22.21,0.005120
654,0.010783,0.8790,22.24,0.005120
655,0.010780,0.8790,22.28,0.005120
656,0.010777,0.8790,22.31,0.005120
657,0.010774,0.8790,22.34,0.005120
658,0.010772,0.8790,22.38,0.005120
659,0.010769,0.8793,22.41,0.005120
660,0.010766,0.8793,22.45,0.005120
661,0.010763,0.8797,22.48,0.005120
662,0.010760,0.8800,22.51,0.005120
663,0.010757,0.8800,22.55,0.005120
664,0.010754,0.8800,22.58,0.005120
665,0.010751,0.8800,22.61,0.005120
666,0.010749,0.8800,22.65,0.005120
667,0.010746,0.8800,22.68,0.005120
668,0.010743,0.8800,22.71,0.005120
669,0.010740,0.8800,22.75,0.005120
670,0.010737,0.8800,22.78,0.005120
671,0.010734,0.8800,22.82,0.005120
672,0.010731,0.8803,22.85,0.005120
673,0.010729,0.8807,22.88,0.005120
674,0.010726,0.8810,22.92,0.005120
675,0.010723,0.8810,22.95,0.005120
676,0.010720,0.8810,22.98,0.005120
677,0.010717,0.8810,23.02,0.005120
678,0.010714,0.8810,23.05,0.005120
679,0.010711,0.8810,23.08,0.005120
680,0.010709,0.8810,23.11,0.005120
681,0.010706,0.8813,23.15,0.005120
682,0.010703,0.8817,23.18,0.005120
683,0.010700,0.8817,23.22,0.005120
684,0.010697,0.8817,23.25,0.005120
685,0.010694,0.8813,23.28,0.005120
686,0.010692,0.8813,23.32,0.005120
687,0.010689,0.8813,23.35,0.005120
688,0.010686,0.8813,23.38,0.005120
689,0.010683,0.8817,23.42,0.005120
690,0.010680,0.8817,23.45,0.005120
691,0.010678,0.8817,23.48,0.005120
692,0.010675,0.8817,23.52,0.005120
693,0.010672,0.8817,23.55,0.005120
694,0.010669,0.8817,23.58,0.005120
695,0.010666,0.8817,23.62,0.005120
696,0.010664,0.8817,23.65,0.005120
697,0.010661,0.8817,23.69,0.005120
698,0.010658,0.8817,23.72,0.005120
699,0.010655,0.8823,23.75,0.005120
700,0.010653,0.8823,23.79,0.005120
701,0.010650,0.8827,23.82,0.005120
702,0.010647,0.8827,23.86,0.005120
703,0.010644,0.8830,23.89,0.005120
704,0.010642,0.8830,23.92,0.005120
705,0.010639,0.8830,23.96,0.005120
706,0.010636,0.8830,23.99,0.005120
707,0.010634,0.8830,24.02,0.005120
708,0.010631,0.8830,24.06,0.005120
709,0.010628,0.8830,24.09,0.005120
710,0.010626,0.8830,24.13,0.005120
711,0.010623,0.8830,24.16,0.005120
712,0.010620,0.8833,24.19,0.005120
713,0.010618,0.8833,24.23,0.005120
714,0.010615,0.8833,24.26,0.005120
715,0.010612,0.8837,24.29,0.005120
716,0.010610,0.8840,24.33,0.005120
717,0.010607,0.8843,24.36,0.005120
718,0.010605,0.8843,24.39,0.005120
719,0.010602,0.8840,24.43,0.005120
720,0.010600,0.8840,24.46,0.005120
721,0.010597,0.8840,24.50,0.005120
722,0.010594,0.8840,24.53,0.005120
723,0.010592,0.8840,24.56,0.005120
724,0.010589,0.8840,24.59,0.005120
725,0.010587,0.8840,24.63,0.005120
726,0.010585,0.8840,24.66,0.005120
727,0.010582,0.8840,24.70,0.005120
728,0.010580,0.8843,24.73,0.005120
729,0.010577,0.8843,24.76,0.005120
730,0.010575,0.8847,24.80,0.005120
731,0.010572,0.8847,24.83,0.005120
732,0.010570,0.8847,24.86,0.005120
733,0.010568,0.8847,24.90,0.005120
734,0.010565,0.8850,24.93,0.005120
735,0.010563,0.8853,24.96,0.005120
736,0.010561,0.8857,25.00,0.005120
737,0.010558,0.8857,25.03,0.005120
738,0.010556,0.8857,25.06,0.005120
739,0.010554,0.8857,25.10,0.005120
740,0.010552,0.8857,25.13,0.005120
741,0.010550,0.8857,25.16,0.005120
742,0.010547,0.8857,25.20,0.005120
743,0.010545,0.8857,25.23,0.005120
744,0.010543,0.8857,25.26,0.005120
745,0.010541,0.8857,25.30,0.005120
746,0.010539,0.8857,25.33,0.005120
747,0.010537,0.8857,25.36,0.005120
748,0.010535,0.8860,25.40,0.005120
749,0.010533,0.8860,25.43,0.005120
750,0.010531,0.8860,25.47,0.005120
751,0.010529,0.8860,25.50,0.005120
752,0.010527,0.8860,25.54,0.005120
753,0.010525,0.8863,25.57,0.005120
754,0.010523,0.8863,25.61,0.005120
755,0.010521,0.8867,25.64,0.005120
756,0.010519,0.8867,25.67,0.005120
757,0.010517,0.8867,25.70,0.005120
758,0.010515,0.8870,25.74,0.005120
759,0.010513,0.8873,25.77,0.005120
760,0.010512,0.8877,25.81,0.005120
761,0.010510,0.8877,25.84,0.005120
762,0.010508,0.8877,25.87,0.005120
763,0.010506,0.8877,25.91,0.005120
764,0.010505,0.8877,25.94,0.005120
765,0.010503,0.8877,25.97,0.005120
766,0.010501,0.8877,26.01,0.005120
767,0.010500,0.8877,26.04,0.005120
768,0.010498,0.8877,26.07,0.005120
769,0.010497,0.8877,26.11,0.005120
770,0.010495,0.8877,26.14,0.005120
771,0.010494,0.8880,26.17,0.005120
772,0.010492,0.8880,26.21,0.005120
773,0.010491,0.8880,26.24,0.005120
774,0.010489,0.8880,26.27,0.005120
775,0.010488,0.8880,26.31,0.005120
776,0.010486,0.8880,26.34,0.005120
777,0.010485,0.8880,26.37,0.005120
778,0.010484,0.8880,26.41,0.005120
779,0.010482,0.8880,26.44,0.005120
780,0.010481,0.8883,26.47,0.005120
781,0.010480,0.8883,26.51,0.005120
782,0.010478,0.8887,26.54,0.005120
783,0.010477,0.8890,26.57,0.005120
784,0.010476,0.8890,26.61,0.005120
785,0.010475,0.8893,26.64,0.005120
786,0.010473,0.8893,26.68,0.005120
787,0.010472,0.8893,26.71,0.005120
788,0.010471,0.8893,26.74,0.005120
789,0.010470,0.8897,26.78,0.005120
790,0.010469,0.8897,26.81,0.005120
791,0.010468,0.8897,26.84,0.005120
792,0.010467,0.8897,26.88,0.005120
793,0.010466,0.8897,26.91,0.005120
794,0.010465,0.8897,26.95,0.005120
795,0.010464,0.8897,26.98,0.005120
796,0.010463,0.8900,27.01,0.005120
797,0.010462,0.8900,27.05,0.005120
798,0.010461,0.8900,27.08,0.005120
799,0.010460,0.8900,27.11,0.005120
800,0.010459,0.8900,27.15,0.005120
801,0.010308,0.8963,27.18,0.004096
802,0.010307,0.8963,27.22,0.004096
803,0.010306,0.8963,27.25,0.004096
804,0.010305,0.8963,27.29,0.004096
805,0.010304,0.8963,27.32,0.004096
806,0.010304,0.8963,27.35,0.004096
807,0.010303,0.8963,27.39,0.004096
808,0.010303,0.8963,27.42,0.004096
809,0.010302,0.8963,27.45,0.004096
810,0.010302,0.8963,27.49,0.004096
811,0.010301,0.8963,27.52,0.004096
812,0.010301,0.8963,27.55,0.004096
813,0.010300,0.8963,27.59,0.004096
814,0.010300,0.8963,27.62,0.004096
815,0.010300,0.8963,27.65,0.004096
816,0.010299,0.8967,27.68,0.004096
817,0.010299,0.8967,27.72,0.004096
818,0.010298,0.8967,27.75,0.004096
819,0.010298,0.8967,27.79,0.004096
820,0.010298,0.8967,27.82,0.004096
821,0.010297,0.8967,27.85,0.004096
822,0.010297,0.8967,27.89,0.004096
823,0.010297,0.8967,27.92,0.004096
824,0.010297,0.8967,27.95,0.004096
825,0.010296,0.8967,27.99,0.004096
826,0.010296,0.8967,28.02,0.004096
827,0.010296,0.8967,28.05,0.004096
828,0.010296,0.8967,28.09,0.004096
829,0.010295,0.8967,28.12,0.004096
830,0.010295,0.8967,28.15,0.004096
831,0.010295,0.8967,28.19,0.004096
832,0.010295,0.8967,28.22,0.004096
833,0.010294,0.8967,28.26,0.004096
834,0.010294,0.8967,28.29,0.004096
835,0.010294,0.8967,28.32,0.004096
836,0.010294,0.8967,28.36,0.004096
837,0.010294,0.8967,28.39,0.004096
838,0.010294,0.8967,28.43,0.004096
839,0.010293,0.8967,28.46,0.004096
840,0.010293,0.8967,28.50,0.004096
841,0.010293,0.8967,28.53,0.004096
842,0.010293,0.8967,28.56,0.004096
843,0.010293,0.8967,28.60,0.004096
844,0.010293,0.8967,28.63,0.004096
845,0.010293,0.8967,28.66,0.004096
846,0.010293,0.8967,28.70,0.004096
847,0.010292,0.8967,28.73,0.004096
848,0.010292,0.8967,28.77,0.004096
849,0.010292,0.8967,28.80,0.004096
850,0.010292,0.8967,28.84,0.004096
851,0.010292,0.8967,28.87,0.004096
852,0.010292,0.8967,28.91,0.004096
853,0.010292,0.8967,28.94,0.004096
854,0.010292,0.8967,28.97,0.004096
855,0.010292,0.8967,29.01,0.004096
856,0.010292,0.8967,29.04,0.004096
857,0.010292,0.8967,29.07,0.004096
858,0.010292,0.8967,29.11,0.004096
859,0.010292,0.8967,29.14,0.004096
860,0.010292,0.8967,29.18,0.004096
861,0.010292,0.8967,29.21,0.004096
862,0.010292,0.8967,29.24,0.004096
863,0.010292,0.8967,29.28,0.004096
864,0.010292,0.8967,29.31,0.004096
865,0.010292,0.8967,29.35,0.004096
866,0.010292,0.8967,29.38,0.004096
867,0.010292,0.8967,29.41,0.004096
868,0.010292,0.8970,29.45,0.004096
869,0.010292,0.8970,29.48,0.004096
870,0.010292,0.8970,29.51,0.004096
871,0.010292,0.8970,29.55,0.004096
872,0.010292,0.8970,29.58,0.004096
873,0.010292,0.8970,29.61,0.004096
874,0.010293,0.8970,29.65,0.004096
875,0.010293,0.8970,29.68,0.004096
876,0.010293,0.8970,29.72,0.004096
877,0.010293,0.8970,29.75,0.004096
878,0.010293,0.8973,29.78,0.004096
879,0.010293,0.8973,29.82,0.004096
880,0.010293,0.8973,29.85,0.004096
881,0.010293,0.8973,29.89,0.004096
882,0.010293,0.8973,29.92,0.004096
883,0.010293,0.8973,29.95,0.004096
884,0.010294,0.8973,29.99,0.004096
885,0.010294,0.8973,30.02,0.004096
886,0.010294,0.8973,30.05,0.004096
887,0.010294,0.8973,30.09,0.004096
888,0.010294,0.8977,30.12,0.004096
889,0.010294,0.8977,30.15,0.004096
890,0.010294,0.8973,30.19,0.004096
891,0.010295,0.8973,30.22,0.004096
892,0.010295,0.8973,30.25,0.004096
893,0.010295,0.8973,30.29,0.004096
894,0.010295,0.8977,30.32,0.004096
895,0.010295,0.8977,30.36,0.004096
896,0.010295,0.8977,30.39,0.004096
897,0.010296,0.8977,30.42,0.004096
898,0.010296,0.8977,30.46,0.004096
899,0.010296,0.8977,30.49,0.004096
900,0.010296,0.8977,30.52,0.004096
901,0.010296,0.8977,30.56,0.004096
902,0.010297,0.8977,30.60,0.004096
903,0.010297,0.8977,30.63,0.004096
904,0.010297,0.8977,30.66,0.004096
905,0.010297,0.8973,30.70,0.004096
906,0.010298,0.8973,30.73,0.004096
907,0.010298,0.8973,30.76,0.004096
908,0.010298,0.8973,30.80,0.004096
909,0.010298,0.8973,30.83,0.004096
910,0.010298,0.8973,30.86,0.004096
911,0.010299,0.8970,30.90,0.004096
912,0.010299,0.8970,30.93,0.004096
913,0.010299,0.8970,30.96,0.004096
914,0.010299,0.8970,31.00,0.004096
915,0.010300,0.8970,31.03,0.004096
916,0.010300,0.8970,31.07,0.004096
917,0.010300,0.8970,31.10,0.004096
918,0.010301,0.8970,31.13,0.004096
919,0.010301,0.8970,31.17,0.004096
920,0.010301,0.8970,31.20,0.004096
921,0.010301,0.8970,31.23,0.004096
922,0.010302,0.8970,31.27,0.004096
923,0.010302,0.8970,31.30,0.004096
924,0.010302,0.8970,31.33,0.004096
925,0.010302,0.8970,31.37,0.004096
926,0.010303,0.8970,31.40,0.004096
927,0.010303,0.8970,31.43,0.004096
928,0.010303,0.8970,31.47,0.004096
929,0.010304,0.8970,31.50,0.004096
930,0.010304,0.8970,31.53,0.004096
931,0.010304,0.8970,31.57,0.004096
932,0.010305,0.8970,31.60,0.004096
933,0.010305,0.8970,31.63,0.004096
934,0.010305,0.8970,31.67,0.004096
935,0.010305,0.8970,31.70,0.004096
936,0.010306,0.8970,31.73,0.004096
937,0.010306,0.8967,31.77,0.004096
938,0.010306,0.8967,31.80,0.004096
939,0.010307,0.8963,31.84,0.004096
940,0.010307,0.8963,31.87,0.004096
941,0.010307,0.8963,31.90,0.004096
942,0.010308,0.8963,31.93,0.004096
943,0.010308,0.8963,31.97,0.004096
944,0.010308,0.8963,32.00,0.004096
945,0.010309,0.8963,32.03,0.004096
946,0.010309,0.8963,32.07,0.004096
947,0.010309,0.8960,32.10,0.004096
948,0.010310,0.8960,32.13,0.004096
949,0.010310,0.8963,32.17,0.004096
950,0.010310,0.8963,32.20,0.004096
951,0.010311,0.8967,32.24,0.004096
952,0.010311,0.8967,32.27,0.004096
953,0.010311,0.8967,32.30,0.004096
954,0.010312,0.8967,32.34,0.004096
955,0.010312,0.8967,32.37,0.004096
956,0.010313,0.8967,32.41,0.004096
957,0.010313,0.8967,32.44,0.004096
958,0.010313,0.8967,32.47,0.004096
959,0.010314,0.8967,32.51,0.004096
960,0.010314,0.8967,32.54,0.004096
961,0.010314,0.8967,32.58,0.004096
962,0.010315,0.8963,32.61,0.004096
963,0.010315,0.8963,32.64,0.004096
964,0.010315,0.8960,32.67,0.004096
965,0.010316,0.8957,32.71,0.004096
966,0.010316,0.8957,32.74,0.004096
967,0.010317,0.8957,32.78,0.004096
968,0.010317,0.8960,32.81,0.004096
969,0.010317,0.8960,32.84,0.004096
970,0.010318,0.8960,32.88,0.004096
971,0.010318,0.8960,32.91,0.004096
972,0.010319,0.8960,32.95,0.004096
973,0.010319,0.8960,32.98,0.004096
974,0.010319,0.8963,33.01,0.004096
975,0.010320,0.8963,33.05,0.004096
976,0.010320,0.8963,33.08,0.004096
977,0.010320,0.8963,33.11,0.004096
978,0.010321,0.8963,33.14,0.004096
979,0.010321,0.8963,33.18,0.004096
980,0.010322,0.8963,33.21,0.004096
981,0.010322,0.8963,33.24,0.004096
982,0.010322,0.8963,33.28,0.004096
983,0.010323,0.8963,33.31,0.004096
984,0.010323,0.8963,33.34,0.004096
985,0.010324,0.8963,33.38,0.004096
986,0.010324,0.8967,33.41,0.004096
987,0.010324,0.8967,33.44,0.004096
988,0.010325,0.8960,33.48,0.004096
989,0.010325,0.8960,33.51,0.004096
990,0.010326,0.8960,33.54,0.004096
991,0.010326,0.8960,33.58,0.004096
992,0.010327,0.8960,33.61,0.004096
993,0.010327,0.8960,33.64,0.004096
994,0.010327,0.8960,33.68,0.004096
995,0.010328,0.8960,33.71,0.004096
996,0.010328,0.8960,33.74,0.004096
997,0.010329,0.8960,33.78,0.004096
998,0.010329,0.8960,33.81,0.004096
999,0.010329,0.8960,33.85,0.004096
